kernel	elements	samples_per_layout	right_median_ns	left_median_ns	left_over_right
0	256	7	180	190	1.055556
1	256	7	171	181	1.058480
2	256	7	5158	5278	1.023265
3	256	7	151684	168640	1.111785
4	256	7	3365	2964	0.880832
5	256	7	851	641	0.753231
0	16384	7	11978	12008	1.002505
1	16384	7	17776	17036	0.958371
2	16384	7	596845	581923	0.974999
3	16384	7	17582033	17440963	0.991976
4	16384	7	291041	259485	0.891575
5	16384	7	72257	67730	0.937349
0	1048576	7	648501	669823	1.032879
1	1048576	7	609423	629493	1.032933
2	1048576	7	21785927	22545182	1.034851
3	1048576	7	684285660	686987310	1.003948
4	1048576	7	14227452	12573862	0.883775
5	1048576	7	3478227	2420669	0.695949
0	33554432	3	20489245	20362396	0.993809
1	33554432	3	20630220	20363870	0.987089
2	33554432	3	707362398	723342843	1.022592
4	33554432	3	488445760	444878445	0.910804
5	33554432	3	124848481	94632062	0.757975
