layout	kernel	elements	sample	nanoseconds	logical_checksum
right	0	256	0	200	30496
left	0	256	0	200	30496
right	1	256	0	201	3903488
left	1	256	0	190	3903488
right	2	256	0	6469	38567
left	2	256	0	5478	38567
right	3	256	0	217993	30649
left	3	256	0	156412	30649
right	4	256	0	3645	30785
left	4	256	0	3094	30785
right	5	256	0	861	30496
left	5	256	0	651	30496
left	0	256	1	200	30496
right	0	256	1	180	30496
left	1	256	1	190	3903488
right	1	256	1	171	3903488
left	2	256	1	6550	38567
right	2	256	1	5208	38567
left	3	256	1	183231	30649
right	3	256	1	151765	30649
left	4	256	1	2964	30785
right	4	256	1	3335	30785
left	5	256	1	711	30496
right	5	256	1	851	30496
right	0	256	2	180	30496
left	0	256	2	170	30496
right	1	256	2	170	3903488
left	1	256	2	190	3903488
right	2	256	2	5338	38567
left	2	256	2	5278	38567
right	3	256	2	151594	30649
left	3	256	2	168640	30649
right	4	256	2	3345	30785
left	4	256	2	2964	30785
right	5	256	2	852	30496
left	5	256	2	651	30496
left	0	256	3	180	30496
right	0	256	3	180	30496
left	1	256	3	170	3903488
right	1	256	3	181	3903488
left	2	256	3	5278	38567
right	2	256	3	5128	38567
left	3	256	3	156162	30649
right	3	256	3	151635	30649
left	4	256	3	2934	30785
right	4	256	3	3335	30785
left	5	256	3	641	30496
right	5	256	3	852	30496
right	0	256	4	170	30496
left	0	256	4	170	30496
right	1	256	4	170	3903488
left	1	256	4	181	3903488
right	2	256	4	5127	38567
left	2	256	4	5278	38567
right	3	256	4	267937	30649
left	3	256	4	156341	30649
right	4	256	4	3385	30785
left	4	256	4	2955	30785
right	5	256	4	841	30496
left	5	256	4	641	30496
left	0	256	5	190	30496
right	0	256	5	180	30496
left	1	256	5	180	3903488
right	1	256	5	170	3903488
left	2	256	5	5317	38567
right	2	256	5	5127	38567
left	3	256	5	284231	30649
right	3	256	5	151684	30649
left	4	256	5	3055	30785
right	4	256	5	3365	30785
left	5	256	5	641	30496
right	5	256	5	841	30496
right	0	256	6	181	30496
left	0	256	6	190	30496
right	1	256	6	180	3903488
left	1	256	6	180	3903488
right	2	256	6	5158	38567
left	2	256	6	5268	38567
right	3	256	6	151654	30649
left	3	256	6	237532	30649
right	4	256	6	3445	30785
left	4	256	6	2994	30785
right	5	256	6	842	30496
left	5	256	6	641	30496
right	0	16384	0	9925	1973776
left	0	16384	0	9895	1973776
right	1	16384	0	8933	252643328
left	1	16384	0	9875	252643328
right	2	16384	0	328137	2491640
left	2	16384	0	335227	2491640
right	3	16384	0	11100234	1982275
left	3	16384	0	11897396	1982275
right	4	16384	0	212085	2002407
left	4	16384	0	188500	2002407
right	5	16384	0	52608	1973776
left	5	16384	0	39959	1973776
left	0	16384	1	9704	1973776
right	0	16384	1	9664	1973776
left	1	16384	1	9885	252643328
right	1	16384	1	18257	252643328
left	2	16384	1	591927	2491640
right	2	16384	1	632658	2491640
left	3	16384	1	17602853	1982275
right	3	16384	1	15824977	1982275
left	4	16384	1	258373	2002407
right	4	16384	1	300275	2002407
left	5	16384	1	70445	1973776
right	5	16384	1	73539	1973776
right	0	16384	2	13249	1973776
left	0	16384	2	13290	1973776
right	1	16384	2	19108	252643328
left	1	16384	2	17476	252643328
right	2	16384	2	637034	2491640
left	2	16384	2	619949	2491640
right	3	16384	2	18023197	1982275
left	3	16384	2	17949658	1982275
right	4	16384	2	322067	2002407
left	4	16384	2	261308	2002407
right	5	16384	2	72257	1973776
left	5	16384	2	67730	1973776
left	0	16384	3	11558	1973776
right	0	16384	3	11978	1973776
left	1	16384	3	18037	252643328
right	1	16384	3	17776	252643328
left	2	16384	3	537267	2491640
right	2	16384	3	585999	2491640
left	3	16384	3	17440963	1982275
right	3	16384	3	17582033	1982275
left	4	16384	3	259485	2002407
right	4	16384	3	291041	2002407
left	5	16384	3	68672	1973776
right	5	16384	3	71276	1973776
right	0	16384	4	12208	1973776
left	0	16384	4	12008	1973776
right	1	16384	4	17586	252643328
left	1	16384	4	17036	252643328
right	2	16384	4	619628	2491640
left	2	16384	4	581923	2491640
right	3	16384	4	17445961	1982275
left	3	16384	4	17205434	1982275
right	4	16384	4	278773	2002407
left	4	16384	4	257822	2002407
right	5	16384	4	71135	1973776
left	5	16384	4	67450	1973776
left	0	16384	5	12408	1973776
right	0	16384	5	11557	1973776
left	1	16384	5	16805	252643328
right	1	16384	5	17396	252643328
left	2	16384	5	572809	2491640
right	2	16384	5	575893	2491640
left	3	16384	5	17664635	1982275
right	3	16384	5	18920106	1982275
left	4	16384	5	277792	2002407
right	4	16384	5	285123	2002407
left	5	16384	5	70084	1973776
right	5	16384	5	72487	1973776
right	0	16384	6	13100	1973776
left	0	16384	6	13289	1973776
right	1	16384	6	18388	252643328
left	1	16384	6	17747	252643328
right	2	16384	6	596845	2491640
left	2	16384	6	634340	2491640
right	3	16384	6	18379634	1982275
left	3	16384	6	17017826	1982275
right	4	16384	6	322528	2002407
left	4	16384	6	266625	2002407
right	5	16384	6	73539	1973776
left	5	16384	6	39979	1973776
right	0	1048576	0	835168	126353056
left	0	1048576	0	838272	126353056
right	1	1048576	0	1193589	16173191168
left	1	1048576	0	616053	16173191168
right	2	1048576	0	22048583	159496775
left	2	1048576	0	25187156	159496775
right	3	1048576	0	698860718	126894841
left	3	1048576	0	679318099	126894841
right	4	1048576	0	14053302	128201009
left	4	1048576	0	12268466	128201009
right	5	1048576	0	3432097	126353056
left	5	1048576	0	2399336	126353056
left	0	1048576	1	691184	126353056
right	0	1048576	1	616484	126353056
left	1	1048576	1	629493	16173191168
right	1	1048576	1	621501	16173191168
left	2	1048576	1	21816499	159496775
right	2	1048576	1	21207757	159496775
left	3	1048576	1	660442736	126894841
right	3	1048576	1	647266705	126894841
left	4	1048576	1	12246765	128201009
right	4	1048576	1	14260761	128201009
left	5	1048576	1	2396052	126353056
right	5	1048576	1	3424357	126353056
right	0	1048576	2	631546	126353056
left	0	1048576	2	617395	126353056
right	1	1048576	2	578277	16173191168
left	1	1048576	2	630635	16173191168
right	2	1048576	2	21189603	159496775
left	2	1048576	2	21818074	159496775
right	3	1048576	2	644440876	126894841
left	3	1048576	2	665145900	126894841
right	4	1048576	2	14219430	128201009
left	4	1048576	2	12406002	128201009
right	5	1048576	2	3508041	126353056
left	5	1048576	2	2420669	126353056
left	0	1048576	3	628602	126353056
right	0	1048576	3	657374	126353056
left	1	1048576	3	700178	16173191168
right	1	1048576	3	607140	16173191168
left	2	1048576	3	22545182	159496775
right	2	1048576	3	34533104	159496775
left	3	1048576	3	768491245	126894841
right	3	1048576	3	680065939	126894841
left	4	1048576	3	12854496	128201009
right	4	1048576	3	14227452	128201009
left	5	1048576	3	2806411	126353056
right	5	1048576	3	3835326	126353056
right	0	1048576	4	695651	126353056
left	0	1048576	4	631036	126353056
right	1	1048576	4	609304	16173191168
left	1	1048576	4	614341	16173191168
right	2	1048576	4	21785927	159496775
left	2	1048576	4	29340757	159496775
right	3	1048576	4	693084991	126894841
left	3	1048576	4	689108981	126894841
right	4	1048576	4	14367332	128201009
left	4	1048576	4	13446887	128201009
right	5	1048576	4	3478227	126353056
left	5	1048576	4	2476261	126353056
left	0	1048576	5	690033	126353056
right	0	1048576	5	648501	126353056
left	1	1048576	5	630605	16173191168
right	1	1048576	5	609423	16173191168
left	2	1048576	5	22836038	159496775
right	2	1048576	5	23122492	159496775
left	3	1048576	5	686987310	126894841
right	3	1048576	5	684285660	126894841
left	4	1048576	5	12573862	128201009
right	4	1048576	5	14361092	128201009
left	5	1048576	5	2707875	126353056
right	5	1048576	5	3509423	126353056
right	0	1048576	6	629053	126353056
left	0	1048576	6	669823	126353056
right	1	1048576	6	618557	16173191168
left	1	1048576	6	628402	16173191168
right	2	1048576	6	21708736	159496775
left	2	1048576	6	22290118	159496775
right	3	1048576	6	712687599	126894841
left	3	1048576	6	705180892	126894841
right	4	1048576	6	14044445	128201009
left	4	1048576	6	12625741	128201009
right	5	1048576	6	3457517	126353056
left	5	1048576	6	2376644	126353056
right	0	33554432	0	20289365	4043308704
left	0	33554432	0	20460519	4043308704
right	1	33554432	0	20630220	517543514112
left	1	33554432	0	20141126	517543514112
right	2	33554432	0	705377963	5103908372
left	2	33554432	0	717697405	5103908372
right	4	33554432	0	488445760	4102448220
left	4	33554432	0	439792365	4102448220
right	5	33554432	0	124848481	4043308704
left	5	33554432	0	102089121	4043308704
left	0	33554432	1	20362396	4043308704
right	0	33554432	1	22102896	4043308704
left	1	33554432	1	21423239	517543514112
right	1	33554432	1	22114453	517543514112
left	2	33554432	1	797744558	5103908372
right	2	33554432	1	728222621	5103908372
left	4	33554432	1	444878445	4102448220
right	4	33554432	1	496497136	4102448220
left	5	33554432	1	93962090	4043308704
right	5	33554432	1	124231726	4043308704
right	0	33554432	2	20489245	4043308704
left	0	33554432	2	20082412	4043308704
right	1	33554432	2	19944248	517543514112
left	1	33554432	2	20363870	517543514112
right	2	33554432	2	707362398	5103908372
left	2	33554432	2	723342843	5103908372
right	4	33554432	2	467209162	4102448220
left	4	33554432	2	451390197	4102448220
right	5	33554432	2	135577535	4043308704
left	5	33554432	2	94632062	4043308704
