title	publisher	source_url	download_url	retrieved_utc	available_revision_or_date	byte_size	sha256	reason	disposition	staged_file
GitHub-hosted runners reference	GitHub	https://docs.github.com/en/actions/reference/runners/github-hosted-runners	https://docs.github.com/en/actions/reference/runners/github-hosted-runners	2026-09-28	Live documentation; no immutable revision exposed	433130	089049a41d9f30c605bbfec13b9e5218484e00bd2db381c43d2dd9e4e08ef607	Standard ubuntu-24.04 VM allocation and public/private resource boundary	Downloaded HTML for inspection; source-linked locators in references/README.md	github-hosted-runners.html
Larger runners reference	GitHub	https://docs.github.com/en/actions/reference/runners/larger-runners	-	2026-09-28	Live documentation; not inspected in this acquisition	-	-	Comparison only if standard runner proves inadequate	Link retained; not downloaded in this job	-
Ubuntu 24.04 image inventory	GitHub Actions runner-images	https://github.com/actions/runner-images/blob/055a621061058268af5c62abada4bd7150afd5f1/images/ubuntu/Ubuntu2404-Readme.md	https://raw.githubusercontent.com/actions/runner-images/055a621061058268af5c62abada4bd7150afd5f1/images/ubuntu/Ubuntu2404-Readme.md	2026-09-28	commit 055a621061058268af5c62abada4bd7150afd5f1; image 20260920.314.1	16328	a37278942f07a81dc00eac64cfb123130a36f52432a5e687d91a626488718735	Identify the selected Ubuntu image contents and run-specific image version	Downloaded Markdown at pinned repository revision; not a hardware guarantee	Ubuntu2404-Readme.md
AMD EPYC 7763 specifications	AMD	https://www.amd.com/en/products/processors/server/epyc/7003-series/amd-epyc-7763.html	https://www.amd.com/en/products/processors/server/epyc/7003-series/amd-epyc-7763.html	2026-09-28	Live product page; launched 2021-03-15	182232	1ebedb8e16f64c20231185587a1909fe096175163d5b17d06d7cd7bdcea8262d	Describe the reported processor model at the product level	Downloaded HTML for inspection; processor specifications do not establish VM memory channels, cache ownership, or bandwidth	amd-epyc-7763.html
Software Optimization Guide for AMD EPYC 7003 Processors (56665)	AMD	https://docs.amd.com/v/u/en-US/56665	https://docs.amd.com/api/khub/documents/evLVi6~ZqtLjeStmBSVThA/content	2026-09-28	Document 56665; revision 3.00; November 2020	2181107	51f0b563d2fe2a706bf0148e49291c60f6679f0c272be312f114444ad3fe8492	Family 19h cache, translation, fetch, load/store, prefetch, and write-streaming background	Downloaded publisher ZIP to ignored local staging only; source-linked locators in references/README.md	amd-56665.zip
High Performance Computing Tuning Guide for AMD EPYC 7003 Series Processors (70574)	AMD	https://docs.amd.com/v/u/en-US/high-performance-computing-tuning-guide-amd-epyc7003-series-processors	https://docs.amd.com/api/khub/documents/jyZAYhV9MdtcpY8ruukQsA/content	2026-09-28	Portal listing says document 70574, revision 1.0, 2022-03-21; linked PDF identifies publication 57091, revision 4.0	-	-	Requested EPYC 7003 HPC, NUMA, and streaming material	FAILED: publisher content endpoint returned a different publication; no PDF downloaded, hashed, or retained	-
AMD 70574 portal page response	AMD	https://docs.amd.com/v/u/en-US/high-performance-computing-tuning-guide-amd-epyc7003-series-processors	https://docs.amd.com/v/u/en-US/high-performance-computing-tuning-guide-amd-epyc7003-series-processors	2026-09-28	Portal shell; indexed page lists document 70574, revision 1.0, 2022-03-21	2575	1fd89df8f5f57894937cf2f5c9aefcb635179cf325bd3889f2957d51769e3dda	Inspect publisher metadata and identify whether the requested PDF was available	Downloaded HTML shell only; its internal PDF link is the failed endpoint on the row above	amd-70574-portal-response.html
Intel 64 and IA-32 Architectures Optimization Reference Manual, v50, Volume 1	Intel	https://www.intel.com/content/www/us/en/developer/articles/technical/intel64-and-ia32-architectures-optimization.html	https://cdrdv2.intel.com/v1/dl/getContent/671488	2026-09-28	Document 248966-050US; v50; PDF metadata created 2024-04-23	14832354	4da42303a8d82a0b4e4ffebfdb669d6b57d85a038887421339e25ca37b67d61b	General Intel cache, translation, loads/stores, prefetch, and streaming reference	Downloaded Volume 1 only; Intel material remains separate from AMD; does not confirm exact runner SKU	intel-optimization-v50-vol1.pdf
Intel 5th Generation Xeon Scalable family page	Intel	https://www.intel.com/content/www/us/en/products/details/processors/xeon/5th-gen-xeon-scalable-processors.html	https://www.intel.com/content/www/us/en/products/details/processors/xeon/5th-gen-xeon-scalable-processors.html	2026-09-28	Live family page; no immutable revision exposed	153660	ecfe5e609fec901eda035c5e58a786fc9ec123348e29c82d9df107f47c745970	Family-level context for the reported Intel guest	Downloaded HTML for inspection; does not confirm the exact 8573C guest SKU or host hardware	intel-xeon-5th-gen.html
Linux CPU topology interface	Linux kernel documentation	https://docs.kernel.org/admin-guide/cputopology.html	https://docs.kernel.org/admin-guide/cputopology.html	2026-09-28	Rolling online documentation; page revision not exposed	15751	6a94e4a7a636307a87bffcf0206fc59bed8c0eaaeb865edcc2c6220ef0ba6213	Interpret guest-visible CPU topology attributes used by the probe	Downloaded HTML for inspection; topology reports remain guest-visible only	linux-cputopology.html
Linux stable sysfs ABI	Linux kernel documentation	https://docs.kernel.org/admin-guide/abi-stable-files.html	https://docs.kernel.org/admin-guide/abi-stable-files.html	2026-09-28	Rolling online documentation; page revision not exposed	203320	8581a4be37a05018be4c7777bbfeb3fa680422a4ef346a0ce3fd6443801717fe	Interpret topology, cache, and NUMA sysfs paths used by the probe	Downloaded HTML for inspection; sysfs data describe the guest's exposed interface	linux-abi-stable.html
LLVM llc command guide	LLVM Project	https://llvm.org/docs/CommandGuide/llc.html	https://llvm.org/docs/CommandGuide/llc.html	2026-09-28	Rolling online documentation; current page identifies no stable source revision	77423	f73978fb193af1baa46f2fb5c8887fcfb22a5376098ea8b2ec29f78f73ef35a7	Locate target triple, architecture, CPU, and feature options for later LDC code generation	Downloaded HTML for inspection; option links are indexed in references/README.md	llvm-llc.html
DMD Linux switches	D Language Foundation	https://dlang.org/dmd-linux.html	https://dlang.org/dmd-linux.html	2026-09-28	Live online documentation; -mcpu section available; page revision not exposed	78430	23c6d9dc802cd774de12ba955bf41983fee4cd5c3b30f489f8e0506fa0988e69	Locate DMD optimization and CPU target switches	Downloaded HTML for inspection; documented switch scope is indexed in references/README.md	dmd-linux.html
LDC official repository source archive	ldc-developers	https://github.com/ldc-developers/ldc/tree/ac0e420af3fe74de50ff2138f9ffcb464c29873a	https://codeload.github.com/ldc-developers/ldc/zip/ac0e420af3fe74de50ff2138f9ffcb464c29873a	2026-09-28	commit ac0e420af3fe74de50ff2138f9ffcb464c29873a; committed 2026-09-11T21:56:43Z	9198344	cd69009225dd51ff7774be2c94a1cdc1ba331ddb6828ead56ac2a660bed35eac	Pin the exact upstream LDC source consulted for CPU and feature option locations	Downloaded source archive to ignored local staging only; no LDC source is vendored in this branch	ldc-ac0e420af3fe74de50ff2138f9ffcb464c29873a.zip
LDC README at the consulted revision	ldc-developers	https://github.com/ldc-developers/ldc/blob/ac0e420af3fe74de50ff2138f9ffcb464c29873a/README.md	https://raw.githubusercontent.com/ldc-developers/ldc/ac0e420af3fe74de50ff2138f9ffcb464c29873a/README.md	2026-09-28	commit ac0e420af3fe74de50ff2138f9ffcb464c29873a	5284	260a29c94cd036d04216dda98429577c749e3b89abea4809b5b72e07db354c7e	Establish LDC's LLVM backend and upstream project provenance	Downloaded Markdown at the pinned source revision	ldc-README.md
LDC LLVM option bridge source	ldc-developers	https://github.com/ldc-developers/ldc/blob/ac0e420af3fe74de50ff2138f9ffcb464c29873a/driver/cl_options-llvm.cpp	https://raw.githubusercontent.com/ldc-developers/ldc/ac0e420af3fe74de50ff2138f9ffcb464c29873a/driver/cl_options-llvm.cpp	2026-09-28	commit ac0e420af3fe74de50ff2138f9ffcb464c29873a	3093	fb8dc1ebc6fe400c4305cd5e9b166fe7cdae82a7712a5681024167999aa9d76a	Inspect LDC's LLVM option integration adjacent to target-attribute handling	Downloaded source at the pinned revision; CPU/feature option definitions are linked separately	ldc-cl_options-llvm.cpp
LDC compiler option source	ldc-developers	https://github.com/ldc-developers/ldc/blob/ac0e420af3fe74de50ff2138f9ffcb464c29873a/driver/cl_options.cpp	https://raw.githubusercontent.com/ldc-developers/ldc/ac0e420af3fe74de50ff2138f9ffcb464c29873a/driver/cl_options.cpp	2026-09-28	commit ac0e420af3fe74de50ff2138f9ffcb464c29873a	48702	08069832028b68d7e95c29fb1bbe8b4350168d632af738f8e21f939346fb1d77	Inspect compiler driver option setup adjacent to backend target configuration	Downloaded source at the pinned revision; see references/README.md for the actual CPU and feature locators	ldc-cl_options.cpp
Intel architecture and instruction manuals	Intel	https://www.intel.com/content/www/us/en/developer/articles/technical/intel-sdm.html	-	2026-09-28	Live publisher index	-	-	Possible later ISA semantics reference	Link retained; not acquired in this job	-
Intel 5th Generation Xeon Uncore Monitoring Guide	Intel	https://www.intel.com/content/www/us/en/content-details/817509/5th-gen-intel-xeon-scalable-processor-xcc-codename-emerald-rapids-uncore-performance-monitoring-guide.html	-	2026-09-28	Document 817509; revision not confirmed	-	-	Possible later host counter semantics reference	Link retained; not acquired in this job	-
AMD Zen 4 Software Optimization Guide	AMD	https://www.amd.com/content/dam/amd/en/documents/processor-tech-docs/software-optimization-guides/57647.zip	-	2026-09-28	Document 57647; no revision confirmed here	-	-	Later family-specific context only if an AMD Zen 4 guest is observed	Link retained; not acquired in this job	-
AMD Zen 5 Software Optimization Guide	AMD	https://docs.amd.com/v/u/en-US/58455_1.00	-	2026-09-28	Document 58455 revision 1.00	-	-	Later family-specific context only if an AMD Zen 5 guest is observed	Link retained; not acquired in this job	-
Agner Fog instruction tables	Independent technical measurement	https://www.agner.org/optimize/instruction_tables.pdf	-	2026-09-28	Publisher reports 2025-09-20 revision	-	-	Independent instruction timing context; not hosted-runner evidence	Link retained; not acquired in this job	-
uops.info instruction data	Independent technical measurement	https://uops.info/	-	2026-09-28	Live dataset; revision not pinned	-	-	Independent instruction timing and port-data source	Link retained; not acquired in this job	-
