key	value
date_utc	2026-10-07
base_main	e3c2a40b4edafc4d9caca55d1f7c094e6aab9589
source_revision	2a27ad6ab4e4601c9a0e4a5fa7915712db707af0
source_tree	237162e8f2d39ffcf61646709d726c7a95687698
branch	fix/c-assignment-arrow
gcc_reference	6294f1d9e7536e5ffcde09d1528c918d63abfef5
reused_build_source_revision	7afb1820cd59c0c51d19a7e37902c14f4466f442
build_host	Ubuntu 24.04.3 x86_64 disposable container
compiler_target	aarch64-linux-gnu
compiler_version	GCC 17.0.0 20260813 experimental
driver_sha256	952d3ae0d5916e4d3030064d81cb193e1cbe1f8e706c556195f3d93d0bd42ba1
baseline_cc1_sha256	2518c5d708f09163439576e0c69700a45ed6b3c4cc1daa609ae380536b729918
fixed_cc1_sha256	e4ef7cc5192c103809eeb99de79f92101f65b58bfe27d2169954d9b81d658fe5
owned_c_lex_sha256	01ec5949f5b8113d0de1913f91b4e44ce25ff05f53b0d1aecd6179053885c65b
manifest_verification	PASS 23 files
fresh_source_materialization	PASS
incremental_all_gcc_build	PASS
baseline_fastchat_probe	EXPECTED_REJECTION exit 1
fixed_fastchat_probe	PASS exit 0
ordinary_c_control	PASS exit 0
semantic_fixture_compile	PASS exit 0
const_destination	EXPECTED_REJECTION read-only variable
non_lvalue_destination	EXPECTED_REJECTION lvalue required
neighbor_right_arrow	EXPECTED_REJECTION stray glyph and expected semicolon
preprocessed_roundtrip_compile	PASS exit 0
preprocessed_object_equal	PASS identical SHA256 to direct source object
semantic_execution	PASS QEMU Linux/AArch64 exit 0
qemu_version	8.2.2 Debian 1:8.2.2+ds-0ubuntu1.18
semantic_executable_sha256	4bd064b9c3389aea796eb6ac9d51babc09ae2ecd89e517398a027fdb76f3b62d
semantic_object_sha256	a9ce53c36415bff1d9c0c778ca8b03d2ad4da0da73048433f47a8fb7d1213085
fastchat_probe_sha256	afecda98c162cb9ce6ff3e6bf7f8b8b960dcc207d76f3710dfb89f8bc7f15957
fastchat_object_sha256	d75f83c515f79e7d5e3584684d8180114f86542fd8f6a9ee42b41e01ea222fdb
ordinary_control_object_sha256	7a09a904a35dd347fe061d4ef8f1d19ba9052d7ae249547d9f832e98fbaf7388
preprocessed_source_sha256	ec0d93aca013584fafb53d5c696715160c08993026eaf3771a562482ce609b62
build_log_sha256	dc768631835e4cb2d0953926cb11e6581c5e36c2983db59aa9e527a9ca50bdde
dejagnu_harness	NOT_RUN fixtures invoked directly
android_apk	BLOCKED/NOT_RUN outside this compiler fix
physical_miro_a1	BLOCKED/NOT_RUN no device execution channel
